<?xml version="1.0" encoding="UTF-8"?>
<!DOCTYPE mapper PUBLIC "-//mybatis.org//DTD Mapper 3.0//EN" "http://mybatis.org/dtd/mybatis-3-mapper.dtd">
<mapper namespace="com.ego.mapper.TbContentMapper">
  <resultMap id="BaseResultMap" type="com.ego.pojo.TbContent">
    <id column="id" jdbcType="BIGINT" property="id" />
    <result column="category_id" jdbcType="BIGINT" property="categoryId" />
    <result column="title" jdbcType="VARCHAR" property="title" />
    <result column="sub_title" jdbcType="VARCHAR" property="subTitle" />
    <result column="title_desc" jdbcType="VARCHAR" property="titleDesc" />
    <result column="url" jdbcType="VARCHAR" property="url" />
    <result column="pic" jdbcType="VARCHAR" property="pic" />
    <result column="pic2" jdbcType="VARCHAR" property="pic2" />
    <result column="created" jdbcType="TIMESTAMP" property="created" />
    <result column="updated" jdbcType="TIMESTAMP" property="updated" />
  </resultMap>
  <resultMap extends="BaseResultMap" id="ResultMapWithBLOBs" type="com.ego.pojo.TbContent">
    <result column="content" jdbcType="LONGVARCHAR" property="content" />
  </resultMap>
  <sql id="Example_Where_Clause">
    <where>
      <foreach collection="oredCriteria" item="criteria" separator="or">
        <if test="criteria.valid">
          <trim prefix="(" prefixOverrides="and" suffix=")">
            <foreach collection="criteria.criteria" item="criterion">
              <choose>
                <when test="criterion.noValue">
                  and ${criterion.condition}
                </when>
                <when test="criterion.singleValue">
                  and ${criterion.condition} #{criterion.value}
                </when>
                <when test="criterion.betweenValue">
                  and ${criterion.condition} #{criterion.value} and #{criterion.secondValue}
                </when>
                <when test="criterion.listValue">
                  and ${criterion.condition}
                  <foreach close=")" collection="criterion.value" item="listItem" open="(" separator=",">
                    #{listItem}
                  </foreach>
                </when>
              </choose>
            </foreach>
          </trim>
        </if>
      </foreach>
    </where>
  </sql>
  <sql id="Update_By_Example_Where_Clause">
    <where>
      <foreach collection="example.oredCriteria" item="criteria" separator="or">
        <if test="criteria.valid">
          <trim prefix="(" prefixOverrides="and" suffix=")">
            <foreach collection="criteria.criteria" item="criterion">
              <choose>
                <when test="criterion.noValue">
                  and ${criterion.condition}
                </when>
                <when test="criterion.singleValue">
                  and ${criterion.condition} #{criterion.value}
                </when>
                <when test="criterion.betweenValue">
                  and ${criterion.condition} #{criterion.value} and #{criterion.secondValue}
                </when>
                <when test="criterion.listValue">
                  and ${criterion.condition}
                  <foreach close=")" collection="criterion.value" item="listItem" open="(" separator=",">
                    #{listItem}
                  </foreach>
                </when>
              </choose>
            </foreach>
          </trim>
        </if>
      </foreach>
    </where>
  </sql>
  <sql id="Base_Column_List">
    id, category_id, title, sub_title, title_desc, url, pic, pic2, created, updated
  </sql>
  <sql id="Blob_Column_List">
    content
  </sql>
  <select id="selectByExampleWithBLOBs" parameterType="com.ego.pojo.TbContentExample" resultMap="ResultMapWithBLOBs">
    select
    <if test="distinct">
      distinct
    </if>
    <include refid="Base_Column_List" />
    ,
    <include refid="Blob_Column_List" />
    from tb_content
    <if test="_parameter != null">
      <include refid="Example_Where_Clause" />
    </if>
    <if test="orderByClause != null">
      order by ${orderByClause}
    </if>
  </select>
  <select id="selectByExample" parameterType="com.ego.pojo.TbContentExample" resultMap="BaseResultMap">
    select
    <if test="distinct">
      distinct
    </if>
    <include refid="Base_Column_List" />
    from tb_content
    <if test="_parameter != null">
      <include refid="Example_Where_Clause" />
    </if>
    <if test="orderByClause != null">
      order by ${orderByClause}
    </if>
  </select>
  <select id="selectByPrimaryKey" parameterType="java.lang.Long" resultMap="ResultMapWithBLOBs">
    select 
    <include refid="Base_Column_List" />
    ,
    <include refid="Blob_Column_List" />
    from tb_content
    where id = #{id,jdbcType=BIGINT}
  </select>
  <delete id="deleteByPrimaryKey" parameterType="java.lang.Long">
    delete from tb_content
    where id = #{id,jdbcType=BIGINT}
  </delete>
  <delete id="deleteByExample" parameterType="com.ego.pojo.TbContentExample">
    delete from tb_content
    <if test="_parameter != null">
      <include refid="Example_Where_Clause" />
    </if>
  </delete>
  <insert id="insert" parameterType="com.ego.pojo.TbContent">
    insert into tb_content (id, category_id, title, 
      sub_title, title_desc, url, 
      pic, pic2, created, 
      updated, content)
    values (#{id,jdbcType=BIGINT}, #{categoryId,jdbcType=BIGINT}, #{title,jdbcType=VARCHAR}, 
      #{subTitle,jdbcType=VARCHAR}, #{titleDesc,jdbcType=VARCHAR}, #{url,jdbcType=VARCHAR}, 
      #{pic,jdbcType=VARCHAR}, #{pic2,jdbcType=VARCHAR}, #{created,jdbcType=TIMESTAMP}, 
      #{updated,jdbcType=TIMESTAMP}, #{content,jdbcType=LONGVARCHAR})
  </insert>
  <insert id="insertSelective" parameterType="com.ego.pojo.TbContent">
    insert into tb_content
    <trim prefix="(" suffix=")" suffixOverrides=",">
      <if test="id != null">
        id,
      </if>
      <if test="categoryId != null">
        category_id,
      </if>
      <if test="title != null">
        title,
      </if>
      <if test="subTitle != null">
        sub_title,
      </if>
      <if test="titleDesc != null">
        title_desc,
      </if>
      <if test="url != null">
        url,
      </if>
      <if test="pic != null">
        pic,
      </if>
      <if test="pic2 != null">
        pic2,
      </if>
      <if test="created != null">
        created,
      </if>
      <if test="updated != null">
        updated,
      </if>
      <if test="content != null">
        content,
      </if>
    </trim>
    <trim prefix="values (" suffix=")" suffixOverrides=",">
      <if test="id != null">
        #{id,jdbcType=BIGINT},
      </if>
      <if test="categoryId != null">
        #{categoryId,jdbcType=BIGINT},
      </if>
      <if test="title != null">
        #{title,jdbcType=VARCHAR},
      </if>
      <if test="subTitle != null">
        #{subTitle,jdbcType=VARCHAR},
      </if>
      <if test="titleDesc != null">
        #{titleDesc,jdbcType=VARCHAR},
      </if>
      <if test="url != null">
        #{url,jdbcType=VARCHAR},
      </if>
      <if test="pic != null">
        #{pic,jdbcType=VARCHAR},
      </if>
      <if test="pic2 != null">
        #{pic2,jdbcType=VARCHAR},
      </if>
      <if test="created != null">
        #{created,jdbcType=TIMESTAMP},
      </if>
      <if test="updated != null">
        #{updated,jdbcType=TIMESTAMP},
      </if>
      <if test="content != null">
        #{content,jdbcType=LONGVARCHAR},
      </if>
    </trim>
  </insert>
  <select id="countByExample" parameterType="com.ego.pojo.TbContentExample" resultType="java.lang.Long">
    select count(*) from tb_content
    <if test="_parameter != null">
      <include refid="Example_Where_Clause" />
    </if>
  </select>
  <update id="updateByExampleSelective" parameterType="map">
    update tb_content
    <set>
      <if test="record.id != null">
        id = #{record.id,jdbcType=BIGINT},
      </if>
      <if test="record.categoryId != null">
        category_id = #{record.categoryId,jdbcType=BIGINT},
      </if>
      <if test="record.title != null">
        title = #{record.title,jdbcType=VARCHAR},
      </if>
      <if test="record.subTitle != null">
        sub_title = #{record.subTitle,jdbcType=VARCHAR},
      </if>
      <if test="record.titleDesc != null">
        title_desc = #{record.titleDesc,jdbcType=VARCHAR},
      </if>
      <if test="record.url != null">
        url = #{record.url,jdbcType=VARCHAR},
      </if>
      <if test="record.pic != null">
        pic = #{record.pic,jdbcType=VARCHAR},
      </if>
      <if test="record.pic2 != null">
        pic2 = #{record.pic2,jdbcType=VARCHAR},
      </if>
      <if test="record.created != null">
        created = #{record.created,jdbcType=TIMESTAMP},
      </if>
      <if test="record.updated != null">
        updated = #{record.updated,jdbcType=TIMESTAMP},
      </if>
      <if test="record.content != null">
        content = #{record.content,jdbcType=LONGVARCHAR},
      </if>
    </set>
    <if test="_parameter != null">
      <include refid="Update_By_Example_Where_Clause" />
    </if>
  </update>
  <update id="updateByExampleWithBLOBs" parameterType="map">
    update tb_content
    set id = #{record.id,jdbcType=BIGINT},
      category_id = #{record.categoryId,jdbcType=BIGINT},
      title = #{record.title,jdbcType=VARCHAR},
      sub_title = #{record.subTitle,jdbcType=VARCHAR},
      title_desc = #{record.titleDesc,jdbcType=VARCHAR},
      url = #{record.url,jdbcType=VARCHAR},
      pic = #{record.pic,jdbcType=VARCHAR},
      pic2 = #{record.pic2,jdbcType=VARCHAR},
      created = #{record.created,jdbcType=TIMESTAMP},
      updated = #{record.updated,jdbcType=TIMESTAMP},
      content = #{record.content,jdbcType=LONGVARCHAR}
    <if test="_parameter != null">
      <include refid="Update_By_Example_Where_Clause" />
    </if>
  </update>
  <update id="updateByExample" parameterType="map">
    update tb_content
    set id = #{record.id,jdbcType=BIGINT},
      category_id = #{record.categoryId,jdbcType=BIGINT},
      title = #{record.title,jdbcType=VARCHAR},
      sub_title = #{record.subTitle,jdbcType=VARCHAR},
      title_desc = #{record.titleDesc,jdbcType=VARCHAR},
      url = #{record.url,jdbcType=VARCHAR},
      pic = #{record.pic,jdbcType=VARCHAR},
      pic2 = #{record.pic2,jdbcType=VARCHAR},
      created = #{record.created,jdbcType=TIMESTAMP},
      updated = #{record.updated,jdbcType=TIMESTAMP}
    <if test="_parameter != null">
      <include refid="Update_By_Example_Where_Clause" />
    </if>
  </update>
  <update id="updateByPrimaryKeySelective" parameterType="com.ego.pojo.TbContent">
    update tb_content
    <set>
      <if test="categoryId != null">
        category_id = #{categoryId,jdbcType=BIGINT},
      </if>
      <if test="title != null">
        title = #{title,jdbcType=VARCHAR},
      </if>
      <if test="subTitle != null">
        sub_title = #{subTitle,jdbcType=VARCHAR},
      </if>
      <if test="titleDesc != null">
        title_desc = #{titleDesc,jdbcType=VARCHAR},
      </if>
      <if test="url != null">
        url = #{url,jdbcType=VARCHAR},
      </if>
      <if test="pic != null">
        pic = #{pic,jdbcType=VARCHAR},
      </if>
      <if test="pic2 != null">
        pic2 = #{pic2,jdbcType=VARCHAR},
      </if>
      <if test="created != null">
        created = #{created,jdbcType=TIMESTAMP},
      </if>
      <if test="updated != null">
        updated = #{updated,jdbcType=TIMESTAMP},
      </if>
      <if test="content != null">
        content = #{content,jdbcType=LONGVARCHAR},
      </if>
    </set>
    where id = #{id,jdbcType=BIGINT}
  </update>
  <update id="updateByPrimaryKeyWithBLOBs" parameterType="com.ego.pojo.TbContent">
    update tb_content
    set category_id = #{categoryId,jdbcType=BIGINT},
      title = #{title,jdbcType=VARCHAR},
      sub_title = #{subTitle,jdbcType=VARCHAR},
      title_desc = #{titleDesc,jdbcType=VARCHAR},
      url = #{url,jdbcType=VARCHAR},
      pic = #{pic,jdbcType=VARCHAR},
      pic2 = #{pic2,jdbcType=VARCHAR},
      created = #{created,jdbcType=TIMESTAMP},
      updated = #{updated,jdbcType=TIMESTAMP},
      content = #{content,jdbcType=LONGVARCHAR}
    where id = #{id,jdbcType=BIGINT}
  </update>
  <update id="updateByPrimaryKey" parameterType="com.ego.pojo.TbContent">
    update tb_content
    set category_id = #{categoryId,jdbcType=BIGINT},
      title = #{title,jdbcType=VARCHAR},
      sub_title = #{subTitle,jdbcType=VARCHAR},
      title_desc = #{titleDesc,jdbcType=VARCHAR},
      url = #{url,jdbcType=VARCHAR},
      pic = #{pic,jdbcType=VARCHAR},
      pic2 = #{pic2,jdbcType=VARCHAR},
      created = #{created,jdbcType=TIMESTAMP},
      updated = #{updated,jdbcType=TIMESTAMP}
    where id = #{id,jdbcType=BIGINT}
  </update>
</mapper>