<?xml version="1.0" encoding="UTF-8"?>
<!DOCTYPE mapper PUBLIC "-//mybatis.org//DTD Mapper 3.0//EN" "http://mybatis.org/dtd/mybatis-3-mapper.dtd">
<mapper namespace="com.ego.mapper.TbItemMapper">
  <resultMap id="BaseResultMap" type="com.ego.pojo.TbItem">
    <id column="id" jdbcType="BIGINT" property="id" />
    <result column="title" jdbcType="VARCHAR" property="title" />
    <result column="sell_point" jdbcType="VARCHAR" property="sellPoint" />
    <result column="price" jdbcType="BIGINT" property="price" />
    <result column="num" jdbcType="INTEGER" property="num" />
    <result column="barcode" jdbcType="VARCHAR" property="barcode" />
    <result column="image" jdbcType="VARCHAR" property="image" />
    <result column="cid" jdbcType="BIGINT" property="cid" />
    <result column="status" jdbcType="TINYINT" property="status" />
    <result column="created" jdbcType="TIMESTAMP" property="created" />
    <result column="updated" jdbcType="TIMESTAMP" property="updated" />
  </resultMap>
  <sql id="Example_Where_Clause">
    <where>
      <foreach collection="oredCriteria" item="criteria" separator="or">
        <if test="criteria.valid">
          <trim prefix="(" prefixOverrides="and" suffix=")">
            <foreach collection="criteria.criteria" item="criterion">
              <choose>
                <when test="criterion.noValue">
                  and ${criterion.condition}
                </when>
                <when test="criterion.singleValue">
                  and ${criterion.condition} #{criterion.value}
                </when>
                <when test="criterion.betweenValue">
                  and ${criterion.condition} #{criterion.value} and #{criterion.secondValue}
                </when>
                <when test="criterion.listValue">
                  and ${criterion.condition}
                  <foreach close=")" collection="criterion.value" item="listItem" open="(" separator=",">
                    #{listItem}
                  </foreach>
                </when>
              </choose>
            </foreach>
          </trim>
        </if>
      </foreach>
    </where>
  </sql>
  <sql id="Update_By_Example_Where_Clause">
    <where>
      <foreach collection="example.oredCriteria" item="criteria" separator="or">
        <if test="criteria.valid">
          <trim prefix="(" prefixOverrides="and" suffix=")">
            <foreach collection="criteria.criteria" item="criterion">
              <choose>
                <when test="criterion.noValue">
                  and ${criterion.condition}
                </when>
                <when test="criterion.singleValue">
                  and ${criterion.condition} #{criterion.value}
                </when>
                <when test="criterion.betweenValue">
                  and ${criterion.condition} #{criterion.value} and #{criterion.secondValue}
                </when>
                <when test="criterion.listValue">
                  and ${criterion.condition}
                  <foreach close=")" collection="criterion.value" item="listItem" open="(" separator=",">
                    #{listItem}
                  </foreach>
                </when>
              </choose>
            </foreach>
          </trim>
        </if>
      </foreach>
    </where>
  </sql>
  <sql id="Base_Column_List">
    id, title, sell_point, price, num, barcode, image, cid, status, created, updated
  </sql>
  <select id="selectByExample" parameterType="com.ego.pojo.TbItemExample" resultMap="BaseResultMap">
    select
    <if test="distinct">
      distinct
    </if>
    <include refid="Base_Column_List" />
    from tb_item
    <if test="_parameter != null">
      <include refid="Example_Where_Clause" />
    </if>
    <if test="orderByClause != null">
      order by ${orderByClause}
    </if>
  </select>
  <select id="selectByPrimaryKey" parameterType="java.lang.Long" resultMap="BaseResultMap">
    select 
    <include refid="Base_Column_List" />
    from tb_item
    where id = #{id,jdbcType=BIGINT}
  </select>
  <delete id="deleteByPrimaryKey" parameterType="java.lang.Long">
    delete from tb_item
    where id = #{id,jdbcType=BIGINT}
  </delete>
  <delete id="deleteByExample" parameterType="com.ego.pojo.TbItemExample">
    delete from tb_item
    <if test="_parameter != null">
      <include refid="Example_Where_Clause" />
    </if>
  </delete>
  <insert id="insert" parameterType="com.ego.pojo.TbItem">
    insert into tb_item (id, title, sell_point, 
      price, num, barcode, 
      image, cid, status, 
      created, updated)
    values (#{id,jdbcType=BIGINT}, #{title,jdbcType=VARCHAR}, #{sellPoint,jdbcType=VARCHAR}, 
      #{price,jdbcType=BIGINT}, #{num,jdbcType=INTEGER}, #{barcode,jdbcType=VARCHAR}, 
      #{image,jdbcType=VARCHAR}, #{cid,jdbcType=BIGINT}, #{status,jdbcType=TINYINT}, 
      #{created,jdbcType=TIMESTAMP}, #{updated,jdbcType=TIMESTAMP})
  </insert>
  <insert id="insertSelective" parameterType="com.ego.pojo.TbItem">
    insert into tb_item
    <trim prefix="(" suffix=")" suffixOverrides=",">
      <if test="id != null">
        id,
      </if>
      <if test="title != null">
        title,
      </if>
      <if test="sellPoint != null">
        sell_point,
      </if>
      <if test="price != null">
        price,
      </if>
      <if test="num != null">
        num,
      </if>
      <if test="barcode != null">
        barcode,
      </if>
      <if test="image != null">
        image,
      </if>
      <if test="cid != null">
        cid,
      </if>
      <if test="status != null">
        status,
      </if>
      <if test="created != null">
        created,
      </if>
      <if test="updated != null">
        updated,
      </if>
    </trim>
    <trim prefix="values (" suffix=")" suffixOverrides=",">
      <if test="id != null">
        #{id,jdbcType=BIGINT},
      </if>
      <if test="title != null">
        #{title,jdbcType=VARCHAR},
      </if>
      <if test="sellPoint != null">
        #{sellPoint,jdbcType=VARCHAR},
      </if>
      <if test="price != null">
        #{price,jdbcType=BIGINT},
      </if>
      <if test="num != null">
        #{num,jdbcType=INTEGER},
      </if>
      <if test="barcode != null">
        #{barcode,jdbcType=VARCHAR},
      </if>
      <if test="image != null">
        #{image,jdbcType=VARCHAR},
      </if>
      <if test="cid != null">
        #{cid,jdbcType=BIGINT},
      </if>
      <if test="status != null">
        #{status,jdbcType=TINYINT},
      </if>
      <if test="created != null">
        #{created,jdbcType=TIMESTAMP},
      </if>
      <if test="updated != null">
        #{updated,jdbcType=TIMESTAMP},
      </if>
    </trim>
  </insert>
  <select id="countByExample" parameterType="com.ego.pojo.TbItemExample" resultType="java.lang.Long">
    select count(*) from tb_item
    <if test="_parameter != null">
      <include refid="Example_Where_Clause" />
    </if>
  </select>
  <update id="updateByExampleSelective" parameterType="map">
    update tb_item
    <set>
      <if test="record.id != null">
        id = #{record.id,jdbcType=BIGINT},
      </if>
      <if test="record.title != null">
        title = #{record.title,jdbcType=VARCHAR},
      </if>
      <if test="record.sellPoint != null">
        sell_point = #{record.sellPoint,jdbcType=VARCHAR},
      </if>
      <if test="record.price != null">
        price = #{record.price,jdbcType=BIGINT},
      </if>
      <if test="record.num != null">
        num = #{record.num,jdbcType=INTEGER},
      </if>
      <if test="record.barcode != null">
        barcode = #{record.barcode,jdbcType=VARCHAR},
      </if>
      <if test="record.image != null">
        image = #{record.image,jdbcType=VARCHAR},
      </if>
      <if test="record.cid != null">
        cid = #{record.cid,jdbcType=BIGINT},
      </if>
      <if test="record.status != null">
        status = #{record.status,jdbcType=TINYINT},
      </if>
      <if test="record.created != null">
        created = #{record.created,jdbcType=TIMESTAMP},
      </if>
      <if test="record.updated != null">
        updated = #{record.updated,jdbcType=TIMESTAMP},
      </if>
    </set>
    <if test="_parameter != null">
      <include refid="Update_By_Example_Where_Clause" />
    </if>
  </update>
  <update id="updateByExample" parameterType="map">
    update tb_item
    set id = #{record.id,jdbcType=BIGINT},
      title = #{record.title,jdbcType=VARCHAR},
      sell_point = #{record.sellPoint,jdbcType=VARCHAR},
      price = #{record.price,jdbcType=BIGINT},
      num = #{record.num,jdbcType=INTEGER},
      barcode = #{record.barcode,jdbcType=VARCHAR},
      image = #{record.image,jdbcType=VARCHAR},
      cid = #{record.cid,jdbcType=BIGINT},
      status = #{record.status,jdbcType=TINYINT},
      created = #{record.created,jdbcType=TIMESTAMP},
      updated = #{record.updated,jdbcType=TIMESTAMP}
    <if test="_parameter != null">
      <include refid="Update_By_Example_Where_Clause" />
    </if>
  </update>
  <update id="updateByPrimaryKeySelective" parameterType="com.ego.pojo.TbItem">
    update tb_item
    <set>
      <if test="title != null">
        title = #{title,jdbcType=VARCHAR},
      </if>
      <if test="sellPoint != null">
        sell_point = #{sellPoint,jdbcType=VARCHAR},
      </if>
      <if test="price != null">
        price = #{price,jdbcType=BIGINT},
      </if>
      <if test="num != null">
        num = #{num,jdbcType=INTEGER},
      </if>
      <if test="barcode != null">
        barcode = #{barcode,jdbcType=VARCHAR},
      </if>
      <if test="image != null">
        image = #{image,jdbcType=VARCHAR},
      </if>
      <if test="cid != null">
        cid = #{cid,jdbcType=BIGINT},
      </if>
      <if test="status != null">
        status = #{status,jdbcType=TINYINT},
      </if>
      <if test="created != null">
        created = #{created,jdbcType=TIMESTAMP},
      </if>
      <if test="updated != null">
        updated = #{updated,jdbcType=TIMESTAMP},
      </if>
    </set>
    where id = #{id,jdbcType=BIGINT}
  </update>
  <update id="updateByPrimaryKey" parameterType="com.ego.pojo.TbItem">
    update tb_item
    set title = #{title,jdbcType=VARCHAR},
      sell_point = #{sellPoint,jdbcType=VARCHAR},
      price = #{price,jdbcType=BIGINT},
      num = #{num,jdbcType=INTEGER},
      barcode = #{barcode,jdbcType=VARCHAR},
      image = #{image,jdbcType=VARCHAR},
      cid = #{cid,jdbcType=BIGINT},
      status = #{status,jdbcType=TINYINT},
      created = #{created,jdbcType=TIMESTAMP},
      updated = #{updated,jdbcType=TIMESTAMP}
    where id = #{id,jdbcType=BIGINT}
  </update>
</mapper>